insert into Category values(10188,'Kitchen','/Kitchen',true);
insert into Category values(10266,'Lifestyle','/Lifestyle',true);
insert into Category values(10111,'Food & Drink','/food',true);

insert into Sub_Category values(10372,'Drinkware','/kitchen/drinkware','/drinkware',10188);
insert into Sub_Category values(10502,'Small Appliances','/kitchen/small-appliances','/small-appliances',10188);
insert into Sub_Category values(10354,'Books and Dining Guides','/lifestyle/books-and-dining-guides','books-and-dining-guides',10266);
insert into Sub_Category values(10375,'Cookbooks','/kitchen/cookbooks','cookbooks ',10188);
insert into Sub_Category values(10191,'Kitchen Tools','/kitchen/kitchen-tools','kitchen-tools',10188);
insert into Sub_Category values(17090,'Sleep','/lifestyle/sleep','sleep',10266);
insert into Sub_Category values(10381,'Food containers','/kitchen/food-containers','food-containers',10188);
insert into Sub_Category values(10131,'Snack Bars','/food/snack-bars','snack-bars',10111);
insert into Sub_Category values(10289,'Puffed Snacks','/food/puffed-snacks','puffed-snacks',10111);
insert into Sub_Category values(10129,'Chips, Crisps, and Crackers','food/chips-crisps-crackers','chips-crisps-and-crackers',10111);



insert into Product values(1,'WW by BUILT(r) 30 oz Tumbler','WW by BUILT(r) 30 oz Tumbler 5052013P','/ww-by-built-30oz-tumbler','USD',10188,10372);
insert into Product values(2,'52-Week Meal Planner','52-Week Meal Planner 5061033P','/52-week-meal-planner','USD',10266,10354);
insert into Product values(3,'The myWWTM Program Cookbook','5061017P The myWW Program Cookbook','/the-myww-program-cookbook','USD',10188,10375);
insert into Product values(4,'WW Reusable Produce Bags (Set of 5)','WW Reusable Produce Bags (Set of 5) 5052031P','/ww-reusable-produce-bags','USD',10188,10191);
insert into Product values(5,'SpaRoom(r) Essential Oils Sleep Set','SpaRoom(r) Essential Oils Sleep Set 850020194919P','/sparoom-essential-oils-sleep-set','USD',10266,17090);
insert into Product values(6,'Bottle and Straw Cleaner Set','Bottle and Straw Cleaner Set 5052027P','/bottle-and-straw-cleaner-set','USD',10188,10191);
insert into Product values(7,'WW by BUILT(r) 3 Compartment Container','WW by BUILT(r) 3 Compartment Container 5052021P','/ww-by-built-3compartment-container','USD',10188,10381);
insert into Product values(8,'Sweet & Salty Nut Mini Bar','Sweet and Salty Nut Mini Bar 6023019P','/sweet-and-salty-nut-mini-bar','USD',10111,10131);
insert into Product values(9,'Cheddar Cheese Protein Puffs','Cheddar Cheese Protein Puffs 6015023P','/cheddar-cheese-protein-puffs','USD',10111,10289);
insert into Product values(10,'Nacho Tortilla Chips','Nacho Tortilla Chips 6015015P','/nacho-tortilla-chips','USD',10111,10129);
insert into Product values(11,'Triple Decker Chocolate Mini Bar','Triple Decker Chocolate Mini Bar 6023017P','/triple-decker-chocolate-mini-bar','USD',10111,10131);
insert into Product values(12,'Dash 2 Qt Compact Air Fryer','Dash 2 Qt Compact Air Fryer 854940007694P','/dash-2qt-compact-air-fryer','USD',10188,10502);
insert into Product values(13,'2-in-1 Muffin and Mini Cake Cups','2-in-1 Muffin and Mini Cake Cups 5052026P','/2-in-1-muffin-and-mini-cake-cups','USD',10188,10191);
insert into Product values(14,'Chocolate Peanut Butter Pie Mini Bar Value Pack (36 Bars)','Chocolate Peanut Butter Pie Mini Bar Value Pack (36 Bars) 601005P','/chocolate-peanut-butter-pie-mini-bar-value-pack','USD',10111,10131);
 	